組別,分數區間,人數
1,298.5,0
1,295.5,0
1,292.5,0
1,289.5,0
1,286.5,0
1,283.5,0
1,280.5,2
1,277.5,10
1,274.5,8
1,271.5,19
1,268.5,22
1,265.5,44
1,262.5,56
1,259.5,63
1,256.5,93
1,253.5,127
1,250.5,132
1,247.5,159
1,244.5,180
1,241.5,243
1,238.5,228
1,235.5,264
1,232.5,300
1,229.5,288
1,226.5,323
1,223.5,340
1,220.5,364
1,217.5,367
1,214.5,344
1,211.5,386
1,208.5,392
1,205.5,405
1,202.5,431
1,199.5,425
1,196.5,395
1,193.5,405
1,190.5,484
1,187.5,446
1,184.5,479
1,181.5,413
1,178.5,452
1,175.5,448
1,172.5,472
1,169.5,437
1,166.5,439
1,163.5,445
1,160.5,457
1,157.5,450
1,154.5,421
1,151.5,454
1,148.5,457
1,145.5,464
1,142.5,517
1,139.5,459
1,136.5,444
1,133.5,441
1,130.5,420
1,127.5,451
1,124.5,436
1,121.5,418
1,118.5,415
1,115.5,398
1,112.5,382
1,109.5,310
1,106.5,344
1,103.5,328
1,100.5,324
1,97.5,259
1,94.5,267
1,91.5,207
1,88.5,231
1,85.5,218
1,82.5,182
1,79.5,168
1,76.5,147
1,73.5,133
1,70.5,122
1,67.5,112
1,64.5,105
1,61.5,93
1,58.5,64
1,55.5,72
1,52.5,52
1,49.5,33
1,46.5,33
1,43.5,22
1,40.5,16
1,37.5,17
1,34.5,9
1,31.5,6
1,28.5,9
1,25.5,9
1,22.5,13
1,19.5,10
1,16.5,15
1,13.5,11
1,10.5,5
1,7.5,15
1,4.5,8
1,1.5,936
2,298.5,0
2,295.5,0
2,292.5,0
2,289.5,1
2,286.5,3
2,283.5,6
2,280.5,13
2,277.5,16
2,274.5,20
2,271.5,25
2,268.5,37
2,265.5,69
2,262.5,66
2,259.5,80
2,256.5,89
2,253.5,103
2,250.5,121
2,247.5,132
2,244.5,172
2,241.5,180
2,238.5,152
2,235.5,210
2,232.5,214
2,229.5,232
2,226.5,221
2,223.5,237
2,220.5,264
2,217.5,271
2,214.5,308
2,211.5,295
2,208.5,281
2,205.5,298
2,202.5,323
2,199.5,306
2,196.5,337
2,193.5,318
2,190.5,338
2,187.5,396
2,184.5,341
2,181.5,358
2,178.5,326
2,175.5,351
2,172.5,350
2,169.5,366
2,166.5,373
2,163.5,358
2,160.5,381
2,157.5,337
2,154.5,379
2,151.5,371
2,148.5,327
2,145.5,368
2,142.5,375
2,139.5,323
2,136.5,371
2,133.5,355
2,130.5,359
2,127.5,313
2,124.5,336
2,121.5,287
2,118.5,335
2,115.5,336
2,112.5,331
2,109.5,336
2,106.5,328
2,103.5,343
2,100.5,333
2,97.5,318
2,94.5,330
2,91.5,277
2,88.5,293
2,85.5,281
2,82.5,257
2,79.5,261
2,76.5,273
2,73.5,267
2,70.5,258
2,67.5,225
2,64.5,178
2,61.5,203
2,58.5,165
2,55.5,162
2,52.5,139
2,49.5,114
2,46.5,85
2,43.5,84
2,40.5,47
2,37.5,37
2,34.5,22
2,31.5,23
2,28.5,12
2,25.5,8
2,22.5,11
2,19.5,6
2,16.5,3
2,13.5,6
2,10.5,7
2,7.5,0
2,4.5,1
2,1.5,880
3,298.5,0
3,295.5,0
3,292.5,0
3,289.5,0
3,286.5,2
3,283.5,10
3,280.5,16
3,277.5,22
3,274.5,44
3,271.5,71
3,268.5,100
3,265.5,133
3,262.5,175
3,259.5,209
3,256.5,230
3,253.5,218
3,250.5,263
3,247.5,278
3,244.5,275
3,241.5,287
3,238.5,276
3,235.5,292
3,232.5,267
3,229.5,277
3,226.5,256
3,223.5,232
3,220.5,241
3,217.5,270
3,214.5,265
3,211.5,280
3,208.5,239
3,205.5,230
3,202.5,216
3,199.5,227
3,196.5,251
3,193.5,252
3,190.5,221
3,187.5,238
3,184.5,222
3,181.5,238
3,178.5,220
3,175.5,215
3,172.5,233
3,169.5,223
3,166.5,209
3,163.5,225
3,160.5,227
3,157.5,215
3,154.5,219
3,151.5,228
3,148.5,229
3,145.5,217
3,142.5,210
3,139.5,181
3,136.5,185
3,133.5,162
3,130.5,190
3,127.5,195
3,124.5,197
3,121.5,190
3,118.5,174
3,115.5,192
3,112.5,184
3,109.5,166
3,106.5,166
3,103.5,159
3,100.5,148
3,97.5,168
3,94.5,151
3,91.5,178
3,88.5,152
3,85.5,169
3,82.5,130
3,79.5,115
3,76.5,117
3,73.5,121
3,70.5,112
3,67.5,108
3,64.5,89
3,61.5,82
3,58.5,94
3,55.5,52
3,52.5,52
3,49.5,43
3,46.5,33
3,43.5,23
3,40.5,21
3,37.5,19
3,34.5,15
3,31.5,9
3,28.5,12
3,25.5,6
3,22.5,7
3,19.5,5
3,16.5,6
3,13.5,3
3,10.5,3
3,7.5,1
3,4.5,0
3,1.5,705
4,298.5,0
4,295.5,0
4,292.5,0
4,289.5,0
4,286.5,2
4,283.5,9
4,280.5,19
4,277.5,22
4,274.5,34
4,271.5,66
4,268.5,82
4,265.5,92
4,262.5,129
4,259.5,143
4,256.5,171
4,253.5,194
4,250.5,237
4,247.5,241
4,244.5,246
4,241.5,289
4,238.5,283
4,235.5,318
4,232.5,295
4,229.5,311
4,226.5,340
4,223.5,294
4,220.5,332
4,217.5,326
4,214.5,368
4,211.5,330
4,208.5,316
4,205.5,319
4,202.5,340
4,199.5,340
4,196.5,352
4,193.5,356
4,190.5,347
4,187.5,365
4,184.5,383
4,181.5,325
4,178.5,362
4,175.5,337
4,172.5,346
4,169.5,376
4,166.5,358
4,163.5,354
4,160.5,349
4,157.5,337
4,154.5,319
4,151.5,334
4,148.5,313
4,145.5,319
4,142.5,308
4,139.5,309
4,136.5,293
4,133.5,319
4,130.5,282
4,127.5,283
4,124.5,304
4,121.5,266
4,118.5,293
4,115.5,285
4,112.5,302
4,109.5,340
4,106.5,278
4,103.5,269
4,100.5,272
4,97.5,278
4,94.5,288
4,91.5,241
4,88.5,311
4,85.5,278
4,82.5,213
4,79.5,248
4,76.5,254
4,73.5,233
4,70.5,183
4,67.5,189
4,64.5,152
4,61.5,145
4,58.5,132
4,55.5,85
4,52.5,82
4,49.5,60
4,46.5,36
4,43.5,30
4,40.5,29
4,37.5,18
4,34.5,11
4,31.5,10
4,28.5,9
4,25.5,7
4,22.5,10
4,19.5,10
4,16.5,5
4,13.5,4
4,10.5,3
4,7.5,1
4,4.5,0
4,1.5,833
5,398,0
5,394,0
5,390,0
5,386,0
5,382,0
5,378,4
5,374,9
5,370,20
5,366,27
5,362,36
5,358,74
5,354,100
5,350,116
5,346,130
5,342,158
5,338,169
5,334,217
5,330,192
5,326,219
5,322,247
5,318,250
5,314,243
5,310,218
5,306,248
5,302,213
5,298,234
5,294,223
5,290,244
5,286,226
5,282,200
5,278,231
5,274,216
5,270,210
5,266,229
5,262,217
5,258,220
5,254,196
5,250,226
5,246,217
5,242,221
5,238,223
5,234,222
5,230,203
5,226,219
5,222,222
5,218,221
5,214,226
5,210,197
5,206,213
5,202,233
5,198,203
5,194,193
5,190,192
5,186,176
5,182,176
5,178,169
5,174,160
5,170,160
5,166,178
5,162,177
5,158,162
5,154,186
5,150,179
5,146,174
5,142,171
5,138,170
5,134,152
5,130,155
5,126,137
5,122,137
5,118,127
5,114,144
5,110,124
5,106,128
5,102,94
5,98,101
5,94,98
5,90,82
5,86,72
5,82,78
5,78,61
5,74,54
5,70,37
5,66,35
5,62,30
5,58,20
5,54,11
5,50,6
5,46,6
5,42,7
5,38,6
5,34,7
5,30,6
5,26,7
5,22,9
5,18,7
5,14,3
5,10,4
5,6,0
5,2,602
6,298.5,0
6,295.5,0
6,292.5,0
6,289.5,0
6,286.5,0
6,283.5,0
6,280.5,2
6,277.5,2
6,274.5,4
6,271.5,11
6,268.5,21
6,265.5,24
6,262.5,47
6,259.5,61
6,256.5,72
6,253.5,103
6,250.5,128
6,247.5,161
6,244.5,204
6,241.5,225
6,238.5,259
6,235.5,291
6,232.5,329
6,229.5,367
6,226.5,392
6,223.5,348
6,220.5,392
6,217.5,373
6,214.5,442
6,211.5,405
6,208.5,433
6,205.5,396
6,202.5,401
6,199.5,444
6,196.5,457
6,193.5,426
6,190.5,471
6,187.5,444
6,184.5,416
6,181.5,423
6,178.5,441
6,175.5,469
6,172.5,446
6,169.5,428
6,166.5,492
6,163.5,455
6,160.5,484
6,157.5,504
6,154.5,462
6,151.5,482
6,148.5,471
6,145.5,468
6,142.5,479
6,139.5,470
6,136.5,470
6,133.5,467
6,130.5,423
6,127.5,424
6,124.5,414
6,121.5,376
6,118.5,362
6,115.5,327
6,112.5,311
6,109.5,290
6,106.5,275
6,103.5,242
6,100.5,219
6,97.5,170
6,94.5,164
6,91.5,155
6,88.5,153
6,85.5,118
6,82.5,109
6,79.5,83
6,76.5,89
6,73.5,72
6,70.5,68
6,67.5,44
6,64.5,45
6,61.5,26
6,58.5,32
6,55.5,19
6,52.5,24
6,49.5,17
6,46.5,9
6,43.5,7
6,40.5,8
6,37.5,7
6,34.5,12
6,31.5,3
6,28.5,8
6,25.5,13
6,22.5,8
6,19.5,11
6,16.5,19
6,13.5,11
6,10.5,5
6,7.5,5
6,4.5,1
6,1.5,872
7,298.5,0
7,295.5,0
7,292.5,0
7,289.5,0
7,286.5,0
7,283.5,0
7,280.5,0
7,277.5,3
7,274.5,0
7,271.5,12
7,268.5,10
7,265.5,21
7,262.5,33
7,259.5,45
7,256.5,62
7,253.5,93
7,250.5,114
7,247.5,160
7,244.5,160
7,241.5,233
7,238.5,204
7,235.5,248
7,232.5,269
7,229.5,314
7,226.5,344
7,223.5,327
7,220.5,406
7,217.5,401
7,214.5,384
7,211.5,412
7,208.5,410
7,205.5,407
7,202.5,414
7,199.5,407
7,196.5,441
7,193.5,469
7,190.5,432
7,187.5,468
7,184.5,441
7,181.5,446
7,178.5,473
7,175.5,411
7,172.5,476
7,169.5,485
7,166.5,453
7,163.5,480
7,160.5,451
7,157.5,460
7,154.5,519
7,151.5,484
7,148.5,494
7,145.5,501
7,142.5,508
7,139.5,488
7,136.5,472
7,133.5,489
7,130.5,433
7,127.5,453
7,124.5,472
7,121.5,423
7,118.5,473
7,115.5,456
7,112.5,432
7,109.5,384
7,106.5,378
7,103.5,370
7,100.5,333
7,97.5,298
7,94.5,295
7,91.5,230
7,88.5,226
7,85.5,225
7,82.5,182
7,79.5,181
7,76.5,177
7,73.5,129
7,70.5,128
7,67.5,108
7,64.5,75
7,61.5,86
7,58.5,56
7,55.5,44
7,52.5,40
7,49.5,27
7,46.5,12
7,43.5,22
7,40.5,13
7,37.5,8
7,34.5,12
7,31.5,6
7,28.5,8
7,25.5,17
7,22.5,9
7,19.5,16
7,16.5,19
7,13.5,13
7,10.5,8
7,7.5,4
7,4.5,1
7,1.5,962
8,398,0
8,394,0
8,390,0
8,386,0
8,382,0
8,378,0
8,374,1
8,370,3
8,366,2
8,362,9
8,358,14
8,354,20
8,350,36
8,346,49
8,342,66
8,338,104
8,334,106
8,330,142
8,326,179
8,322,205
8,318,246
8,314,269
8,310,301
8,306,344
8,302,335
8,298,367
8,294,341
8,290,392
8,286,402
8,282,383
8,278,384
8,274,401
8,270,394
8,266,470
8,262,441
8,258,462
8,254,438
8,250,434
8,246,448
8,242,459
8,238,439
8,234,457
8,230,465
8,226,466
8,222,465
8,218,448
8,214,469
8,210,481
8,206,455
8,202,468
8,198,438
8,194,421
8,190,440
8,186,430
8,182,422
8,178,450
8,174,391
8,170,369
8,166,405
8,162,379
8,158,308
8,154,296
8,150,302
8,146,300
8,142,252
8,138,207
8,134,172
8,130,183
8,126,150
8,122,144
8,118,114
8,114,111
8,110,87
8,106,86
8,102,71
8,98,84
8,94,57
8,90,48
8,86,56
8,82,36
8,78,51
8,74,27
8,70,20
8,66,6
8,62,15
8,58,17
8,54,9
8,50,14
8,46,6
8,42,9
8,38,4
8,34,8
8,30,7
8,26,14
8,22,10
8,18,19
8,14,16
8,10,7
8,6,3
8,2,815
9,298.5,0
9,295.5,0
9,292.5,0
9,289.5,0
9,286.5,0
9,283.5,4
9,280.5,11
9,277.5,24
9,274.5,22
9,271.5,43
9,268.5,59
9,265.5,69
9,262.5,100
9,259.5,115
9,256.5,131
9,253.5,177
9,250.5,204
9,247.5,205
9,244.5,229
9,241.5,268
9,238.5,282
9,235.5,268
9,232.5,297
9,229.5,309
9,226.5,306
9,223.5,321
9,220.5,305
9,217.5,312
9,214.5,333
9,211.5,325
9,208.5,314
9,205.5,326
9,202.5,321
9,199.5,361
9,196.5,319
9,193.5,327
9,190.5,340
9,187.5,307
9,184.5,342
9,181.5,321
9,178.5,314
9,175.5,333
9,172.5,315
9,169.5,352
9,166.5,370
9,163.5,334
9,160.5,341
9,157.5,357
9,154.5,359
9,151.5,375
9,148.5,329
9,145.5,415
9,142.5,424
9,139.5,375
9,136.5,387
9,133.5,387
9,130.5,406
9,127.5,403
9,124.5,417
9,121.5,421
9,118.5,390
9,115.5,375
9,112.5,402
9,109.5,388
9,106.5,377
9,103.5,373
9,100.5,345
9,97.5,353
9,94.5,334
9,91.5,333
9,88.5,302
9,85.5,294
9,82.5,263
9,79.5,225
9,76.5,217
9,73.5,180
9,70.5,170
9,67.5,125
9,64.5,116
9,61.5,95
9,58.5,69
9,55.5,65
9,52.5,45
9,49.5,37
9,46.5,31
9,43.5,30
9,40.5,13
9,37.5,18
9,34.5,14
9,31.5,14
9,28.5,7
9,25.5,9
9,22.5,13
9,19.5,13
9,16.5,9
9,13.5,7
9,10.5,5
9,7.5,6
9,4.5,1
9,1.5,821
10,298.5,0
10,295.5,0
10,292.5,0
10,289.5,1
10,286.5,2
10,283.5,4
10,280.5,9
10,277.5,12
10,274.5,21
10,271.5,22
10,268.5,34
10,265.5,49
10,262.5,67
10,259.5,100
10,256.5,129
10,253.5,134
10,250.5,163
10,247.5,183
10,244.5,197
10,241.5,217
10,238.5,237
10,235.5,243
10,232.5,285
10,229.5,305
10,226.5,311
10,223.5,331
10,220.5,332
10,217.5,366
10,214.5,373
10,211.5,352
10,208.5,319
10,205.5,363
10,202.5,366
10,199.5,412
10,196.5,368
10,193.5,409
10,190.5,391
10,187.5,387
10,184.5,387
10,181.5,412
10,178.5,406
10,175.5,399
10,172.5,400
10,169.5,393
10,166.5,391
10,163.5,367
10,160.5,410
10,157.5,377
10,154.5,374
10,151.5,365
10,148.5,347
10,145.5,348
10,142.5,325
10,139.5,338
10,136.5,296
10,133.5,325
10,130.5,336
10,127.5,316
10,124.5,325
10,121.5,304
10,118.5,314
10,115.5,313
10,112.5,303
10,109.5,297
10,106.5,289
10,103.5,307
10,100.5,307
10,97.5,295
10,94.5,281
10,91.5,270
10,88.5,285
10,85.5,281
10,82.5,282
10,79.5,251
10,76.5,270
10,73.5,222
10,70.5,238
10,67.5,236
10,64.5,237
10,61.5,232
10,58.5,181
10,55.5,169
10,52.5,156
10,49.5,146
10,46.5,138
10,43.5,94
10,40.5,80
10,37.5,44
10,34.5,58
10,31.5,36
10,28.5,26
10,25.5,11
10,22.5,11
10,19.5,12
10,16.5,9
10,13.5,4
10,10.5,5
10,7.5,1
10,4.5,0
10,1.5,923
11,398,0
11,394,0
11,390,0
11,386,0
11,382,1
11,378,1
11,374,8
11,370,7
11,366,11
11,362,29
11,358,34
11,354,40
11,350,62
11,346,90
11,342,124
11,338,142
11,334,155
11,330,187
11,326,194
11,322,219
11,318,222
11,314,230
11,310,277
11,306,260
11,302,275
11,298,225
11,294,241
11,290,268
11,286,289
11,282,238
11,278,250
11,274,255
11,270,237
11,266,219
11,262,274
11,258,275
11,254,247
11,250,215
11,246,235
11,242,277
11,238,259
11,234,267
11,230,245
11,226,238
11,222,234
11,218,257
11,214,239
11,210,243
11,206,234
11,202,242
11,198,186
11,194,220
11,190,224
11,186,214
11,182,223
11,178,215
11,174,214
11,170,181
11,166,190
11,162,214
11,158,207
11,154,197
11,150,211
11,146,179
11,142,169
11,138,176
11,134,186
11,130,159
11,126,175
11,122,163
11,118,177
11,114,153
11,110,155
11,106,143
11,102,150
11,98,141
11,94,112
11,90,120
11,86,127
11,82,103
11,78,89
11,74,91
11,70,83
11,66,70
11,62,49
11,58,42
11,54,25
11,50,21
11,46,19
11,42,10
11,38,14
11,34,12
11,30,5
11,26,9
11,22,4
11,18,7
11,14,2
11,10,3
11,6,0
11,2,682
12,298.5,0
12,295.5,0
12,292.5,0
12,289.5,0
12,286.5,2
12,283.5,1
12,280.5,5
12,277.5,9
12,274.5,12
12,271.5,18
12,268.5,27
12,265.5,32
12,262.5,34
12,259.5,53
12,256.5,91
12,253.5,98
12,250.5,109
12,247.5,112
12,244.5,142
12,241.5,174
12,238.5,187
12,235.5,192
12,232.5,236
12,229.5,233
12,226.5,248
12,223.5,285
12,220.5,304
12,217.5,307
12,214.5,278
12,211.5,301
12,208.5,347
12,205.5,327
12,202.5,356
12,199.5,341
12,196.5,368
12,193.5,344
12,190.5,346
12,187.5,374
12,184.5,379
12,181.5,369
12,178.5,375
12,175.5,411
12,172.5,398
12,169.5,428
12,166.5,365
12,163.5,412
12,160.5,355
12,157.5,407
12,154.5,394
12,151.5,377
12,148.5,390
12,145.5,375
12,142.5,346
12,139.5,351
12,136.5,357
12,133.5,367
12,130.5,344
12,127.5,309
12,124.5,314
12,121.5,308
12,118.5,322
12,115.5,286
12,112.5,294
12,109.5,305
12,106.5,324
12,103.5,306
12,100.5,292
12,97.5,336
12,94.5,271
12,91.5,280
12,88.5,301
12,85.5,284
12,82.5,328
12,79.5,274
12,76.5,238
12,73.5,234
12,70.5,230
12,67.5,217
12,64.5,224
12,61.5,215
12,58.5,187
12,55.5,172
12,52.5,124
12,49.5,124
12,46.5,84
12,43.5,72
12,40.5,48
12,37.5,35
12,34.5,30
12,31.5,24
12,28.5,18
12,25.5,25
12,22.5,12
12,19.5,17
12,16.5,4
12,13.5,1
12,10.5,4
12,7.5,0
12,4.5,0
12,1.5,837
13,398,0
13,394,0
13,390,0
13,386,0
13,382,0
13,378,0
13,374,2
13,370,9
13,366,11
13,362,14
13,358,23
13,354,25
13,350,45
13,346,43
13,342,100
13,338,97
13,334,102
13,330,150
13,326,136
13,322,172
13,318,190
13,314,209
13,310,210
13,306,223
13,302,206
13,298,228
13,294,217
13,290,223
13,286,255
13,282,228
13,278,241
13,274,215
13,270,232
13,266,246
13,262,222
13,258,237
13,254,198
13,250,222
13,246,225
13,242,234
13,238,227
13,234,266
13,230,238
13,226,234
13,222,240
13,218,254
13,214,230
13,210,242
13,206,214
13,202,200
13,198,237
13,194,211
13,190,205
13,186,190
13,182,221
13,178,190
13,174,225
13,170,182
13,166,187
13,162,193
13,158,166
13,154,205
13,150,175
13,146,151
13,142,176
13,138,188
13,134,168
13,130,168
13,126,168
13,122,158
13,118,172
13,114,129
13,110,160
13,106,130
13,102,119
13,98,119
13,94,109
13,90,105
13,86,99
13,82,90
13,78,70
13,74,70
13,70,64
13,66,43
13,62,35
13,58,34
13,54,26
13,50,18
13,46,12
13,42,9
13,38,7
13,34,10
13,30,5
13,26,7
13,22,7
13,18,7
13,14,1
13,10,4
13,6,0
13,2,595
14,398,0
14,394,0
14,390,0
14,386,0
14,382,2
14,378,2
14,374,5
14,370,16
14,366,15
14,362,24
14,358,31
14,354,49
14,350,58
14,346,87
14,342,94
14,338,158
14,334,161
14,330,129
14,326,182
14,322,206
14,318,223
14,314,224
14,310,249
14,306,293
14,302,294
14,298,282
14,294,291
14,290,301
14,286,344
14,282,325
14,278,321
14,274,353
14,270,323
14,266,352
14,262,330
14,258,346
14,254,366
14,250,374
14,246,383
14,242,366
14,238,382
14,234,377
14,230,373
14,226,405
14,222,339
14,218,397
14,214,397
14,210,367
14,206,374
14,202,348
14,198,358
14,194,329
14,190,353
14,186,323
14,182,305
14,178,315
14,174,325
14,170,298
14,166,338
14,162,269
14,158,319
14,154,275
14,150,298
14,146,279
14,142,317
14,138,290
14,134,314
14,130,274
14,126,306
14,122,270
14,118,279
14,114,267
14,110,273
14,106,252
14,102,244
14,98,244
14,94,208
14,90,191
14,86,184
14,82,152
14,78,185
14,74,135
14,70,115
14,66,96
14,62,73
14,58,57
14,54,33
14,50,26
14,46,12
14,42,14
14,38,14
14,34,13
14,30,6
14,26,9
14,22,9
14,18,8
14,14,0
14,10,3
14,6,0
14,2,814
15,497.5,0
15,492.5,0
15,487.5,0
15,482.5,0
15,477.5,0
15,472.5,1
15,467.5,5
15,462.5,15
15,457.5,8
15,452.5,22
15,447.5,29
15,442.5,37
15,437.5,57
15,432.5,87
15,427.5,115
15,422.5,116
15,417.5,153
15,412.5,136
15,407.5,177
15,402.5,194
15,397.5,200
15,392.5,209
15,387.5,230
15,382.5,219
15,377.5,236
15,372.5,213
15,367.5,244
15,362.5,227
15,357.5,220
15,352.5,226
15,347.5,218
15,342.5,239
15,337.5,224
15,332.5,231
15,327.5,233
15,322.5,199
15,317.5,208
15,312.5,238
15,307.5,221
15,302.5,215
15,297.5,221
15,292.5,256
15,287.5,230
15,282.5,236
15,277.5,242
15,272.5,247
15,267.5,210
15,262.5,224
15,257.5,181
15,252.5,220
15,247.5,221
15,242.5,205
15,237.5,201
15,232.5,200
15,227.5,187
15,222.5,201
15,217.5,176
15,212.5,185
15,207.5,186
15,202.5,164
15,197.5,167
15,192.5,181
15,187.5,187
15,182.5,185
15,177.5,163
15,172.5,153
15,167.5,152
15,162.5,180
15,157.5,138
15,152.5,158
15,147.5,167
15,142.5,145
15,137.5,122
15,132.5,125
15,127.5,145
15,122.5,113
15,117.5,112
15,112.5,72
15,107.5,89
15,102.5,86
15,97.5,81
15,92.5,76
15,87.5,64
15,82.5,42
15,77.5,29
15,72.5,39
15,67.5,14
15,62.5,24
15,57.5,11
15,52.5,6
15,47.5,7
15,42.5,2
15,37.5,8
15,32.5,7
15,27.5,7
15,22.5,6
15,17.5,7
15,12.5,2
15,7.5,1
15,2.5,588
16,298.5,0
16,295.5,0
16,292.5,0
16,289.5,0
16,286.5,0
16,283.5,4
16,280.5,10
16,277.5,10
16,274.5,27
16,271.5,57
16,268.5,88
16,265.5,107
16,262.5,147
16,259.5,183
16,256.5,218
16,253.5,209
16,250.5,232
16,247.5,265
16,244.5,285
16,241.5,302
16,238.5,305
16,235.5,317
16,232.5,289
16,229.5,284
16,226.5,303
16,223.5,292
16,220.5,263
16,217.5,310
16,214.5,306
16,211.5,290
16,208.5,280
16,205.5,295
16,202.5,261
16,199.5,303
16,196.5,298
16,193.5,260
16,190.5,259
16,187.5,262
16,184.5,283
16,181.5,289
16,178.5,239
16,175.5,300
16,172.5,281
16,169.5,268
16,166.5,262
16,163.5,280
16,160.5,247
16,157.5,224
16,154.5,273
16,151.5,238
16,148.5,213
16,145.5,217
16,142.5,229
16,139.5,212
16,136.5,198
16,133.5,189
16,130.5,177
16,127.5,158
16,124.5,183
16,121.5,153
16,118.5,156
16,115.5,167
16,112.5,132
16,109.5,114
16,106.5,102
16,103.5,94
16,100.5,123
16,97.5,94
16,94.5,78
16,91.5,64
16,88.5,66
16,85.5,63
16,82.5,61
16,79.5,48
16,76.5,44
16,73.5,34
16,70.5,35
16,67.5,27
16,64.5,20
16,61.5,16
16,58.5,24
16,55.5,14
16,52.5,15
16,49.5,6
16,46.5,7
16,43.5,4
16,40.5,5
16,37.5,4
16,34.5,8
16,31.5,1
16,28.5,4
16,25.5,4
16,22.5,3
16,19.5,0
16,16.5,3
16,13.5,0
16,10.5,2
16,7.5,0
16,4.5,0
16,1.5,621
17,298.5,0
17,295.5,0
17,292.5,0
17,289.5,0
17,286.5,0
17,283.5,0
17,280.5,1
17,277.5,3
17,274.5,14
17,271.5,23
17,268.5,33
17,265.5,47
17,262.5,68
17,259.5,100
17,256.5,112
17,253.5,154
17,250.5,165
17,247.5,197
17,244.5,192
17,241.5,218
17,238.5,233
17,235.5,253
17,232.5,265
17,229.5,254
17,226.5,240
17,223.5,234
17,220.5,238
17,217.5,287
17,214.5,270
17,211.5,275
17,208.5,263
17,205.5,263
17,202.5,237
17,199.5,266
17,196.5,257
17,193.5,263
17,190.5,292
17,187.5,277
17,184.5,278
17,181.5,282
17,178.5,261
17,175.5,271
17,172.5,290
17,169.5,282
17,166.5,263
17,163.5,260
17,160.5,259
17,157.5,245
17,154.5,258
17,151.5,227
17,148.5,227
17,145.5,242
17,142.5,247
17,139.5,205
17,136.5,196
17,133.5,203
17,130.5,217
17,127.5,164
17,124.5,185
17,121.5,151
17,118.5,133
17,115.5,104
17,112.5,121
17,109.5,114
17,106.5,111
17,103.5,91
17,100.5,73
17,97.5,67
17,94.5,61
17,91.5,63
17,88.5,49
17,85.5,47
17,82.5,37
17,79.5,48
17,76.5,35
17,73.5,29
17,70.5,33
17,67.5,26
17,64.5,17
17,61.5,17
17,58.5,10
17,55.5,14
17,52.5,10
17,49.5,4
17,46.5,7
17,43.5,3
17,40.5,3
17,37.5,8
17,34.5,6
17,31.5,2
17,28.5,2
17,25.5,2
17,22.5,1
17,19.5,1
17,16.5,1
17,13.5,3
17,10.5,1
17,7.5,0
17,4.5,0
17,1.5,531
18,298.5,0
18,295.5,0
18,292.5,0
18,289.5,0
18,286.5,0
18,283.5,2
18,280.5,13
18,277.5,16
18,274.5,26
18,271.5,44
18,268.5,60
18,265.5,81
18,262.5,92
18,259.5,137
18,256.5,156
18,253.5,216
18,250.5,203
18,247.5,235
18,244.5,273
18,241.5,271
18,238.5,320
18,235.5,327
18,232.5,326
18,229.5,338
18,226.5,371
18,223.5,379
18,220.5,404
18,217.5,394
18,214.5,392
18,211.5,398
18,208.5,455
18,205.5,410
18,202.5,409
18,199.5,395
18,196.5,432
18,193.5,422
18,190.5,450
18,187.5,400
18,184.5,398
18,181.5,394
18,178.5,418
18,175.5,392
18,172.5,450
18,169.5,401
18,166.5,395
18,163.5,413
18,160.5,428
18,157.5,413
18,154.5,411
18,151.5,366
18,148.5,403
18,145.5,370
18,142.5,347
18,139.5,367
18,136.5,362
18,133.5,386
18,130.5,326
18,127.5,348
18,124.5,309
18,121.5,284
18,118.5,298
18,115.5,317
18,112.5,234
18,109.5,235
18,106.5,203
18,103.5,198
18,100.5,163
18,97.5,146
18,94.5,146
18,91.5,112
18,88.5,122
18,85.5,91
18,82.5,77
18,79.5,65
18,76.5,63
18,73.5,56
18,70.5,42
18,67.5,25
18,64.5,25
18,61.5,26
18,58.5,20
18,55.5,15
18,52.5,13
18,49.5,5
18,46.5,6
18,43.5,4
18,40.5,8
18,37.5,5
18,34.5,6
18,31.5,4
18,28.5,2
18,25.5,4
18,22.5,4
18,19.5,3
18,16.5,2
18,13.5,2
18,10.5,0
18,7.5,0
18,4.5,0
18,1.5,749
19,298.5,0
19,295.5,0
19,292.5,0
19,289.5,0
19,286.5,0
19,283.5,3
19,280.5,4
19,277.5,11
19,274.5,19
19,271.5,33
19,268.5,40
19,265.5,63
19,262.5,100
19,259.5,125
19,256.5,173
19,253.5,213
19,250.5,259
19,247.5,299
19,244.5,387
19,241.5,390
19,238.5,477
19,235.5,433
19,232.5,479
19,229.5,475
19,226.5,569
19,223.5,477
19,220.5,554
19,217.5,485
19,214.5,549
19,211.5,501
19,208.5,600
19,205.5,558
19,202.5,576
19,199.5,496
19,196.5,597
19,193.5,503
19,190.5,554
19,187.5,499
19,184.5,547
19,181.5,462
19,178.5,501
19,175.5,482
19,172.5,496
19,169.5,453
19,166.5,490
19,163.5,415
19,160.5,417
19,157.5,367
19,154.5,388
19,151.5,338
19,148.5,364
19,145.5,309
19,142.5,290
19,139.5,259
19,136.5,300
19,133.5,210
19,130.5,211
19,127.5,177
19,124.5,199
19,121.5,169
19,118.5,149
19,115.5,131
19,112.5,109
19,109.5,102
19,106.5,83
19,103.5,85
19,100.5,87
19,97.5,59
19,94.5,78
19,91.5,59
19,88.5,56
19,85.5,68
19,82.5,58
19,79.5,44
19,76.5,61
19,73.5,31
19,70.5,33
19,67.5,21
19,64.5,20
19,61.5,18
19,58.5,10
19,55.5,19
19,52.5,12
19,49.5,10
19,46.5,13
19,43.5,9
19,40.5,6
19,37.5,4
19,34.5,7
19,31.5,7
19,28.5,4
19,25.5,4
19,22.5,3
19,19.5,0
19,16.5,0
19,13.5,0
19,10.5,1
19,7.5,0
19,4.5,0
19,1.5,833
21,298.5,0
21,295.5,0
21,292.5,0
21,289.5,0
21,286.5,0
21,283.5,1
21,280.5,3
21,277.5,5
21,274.5,7
21,271.5,17
21,268.5,36
21,265.5,36
21,262.5,64
21,259.5,103
21,256.5,151
21,253.5,165
21,250.5,216
21,247.5,286
21,244.5,340
21,241.5,403
21,238.5,446
21,235.5,453
21,232.5,553
21,229.5,547
21,226.5,618
21,223.5,554
21,220.5,651
21,217.5,639
21,214.5,591
21,211.5,642
21,208.5,568
21,205.5,644
21,202.5,635
21,199.5,671
21,196.5,583
21,193.5,600
21,190.5,648
21,187.5,608
21,184.5,538
21,181.5,573
21,178.5,551
21,175.5,470
21,172.5,508
21,169.5,493
21,166.5,451
21,163.5,440
21,160.5,442
21,157.5,397
21,154.5,383
21,151.5,321
21,148.5,338
21,145.5,292
21,142.5,238
21,139.5,247
21,136.5,249
21,133.5,193
21,130.5,211
21,127.5,174
21,124.5,183
21,121.5,159
21,118.5,119
21,115.5,120
21,112.5,108
21,109.5,99
21,106.5,76
21,103.5,88
21,100.5,72
21,97.5,54
21,94.5,65
21,91.5,51
21,88.5,55
21,85.5,44
21,82.5,53
21,79.5,45
21,76.5,55
21,73.5,26
21,70.5,33
21,67.5,19
21,64.5,19
21,61.5,11
21,58.5,13
21,55.5,21
21,52.5,11
21,49.5,11
21,46.5,7
21,43.5,10
21,40.5,8
21,37.5,5
21,34.5,7
21,31.5,6
21,28.5,2
21,25.5,3
21,22.5,3
21,19.5,0
21,16.5,0
21,13.5,0
21,10.5,1
21,7.5,1
21,4.5,0
21,1.5,873
22,298.5,0
22,295.5,0
22,292.5,0
22,289.5,0
22,286.5,0
22,283.5,1
22,280.5,1
22,277.5,1
22,274.5,6
22,271.5,17
22,268.5,18
22,265.5,30
22,262.5,56
22,259.5,56
22,256.5,124
22,253.5,141
22,250.5,185
22,247.5,233
22,244.5,288
22,241.5,290
22,238.5,348
22,235.5,405
22,232.5,467
22,229.5,480
22,226.5,507
22,223.5,564
22,220.5,522
22,217.5,591
22,214.5,596
22,211.5,606
22,208.5,643
22,205.5,634
22,202.5,604
22,199.5,618
22,196.5,611
22,193.5,644
22,190.5,632
22,187.5,596
22,184.5,614
22,181.5,662
22,178.5,582
22,175.5,610
22,172.5,609
22,169.5,569
22,166.5,546
22,163.5,511
22,160.5,496
22,157.5,498
22,154.5,462
22,151.5,481
22,148.5,434
22,145.5,432
22,142.5,369
22,139.5,351
22,136.5,368
22,133.5,326
22,130.5,280
22,127.5,242
22,124.5,235
22,121.5,224
22,118.5,204
22,115.5,186
22,112.5,175
22,109.5,166
22,106.5,153
22,103.5,123
22,100.5,94
22,97.5,97
22,94.5,116
22,91.5,97
22,88.5,83
22,85.5,84
22,82.5,81
22,79.5,78
22,76.5,66
22,73.5,52
22,70.5,53
22,67.5,30
22,64.5,26
22,61.5,29
22,58.5,17
22,55.5,19
22,52.5,8
22,49.5,12
22,46.5,10
22,43.5,10
22,40.5,8
22,37.5,8
22,34.5,8
22,31.5,4
22,28.5,6
22,25.5,4
22,22.5,4
22,19.5,2
22,16.5,0
22,13.5,0
22,10.5,1
22,7.5,1
22,4.5,0
22,1.5,963
23,398,0
23,394,0
23,390,0
23,386,0
23,382,0
23,378,1
23,374,2
23,370,0
23,366,9
23,362,15
23,358,21
23,354,33
23,350,43
23,346,84
23,342,86
23,338,143
23,334,187
23,330,221
23,326,262
23,322,306
23,318,342
23,314,410
23,310,442
23,306,507
23,302,443
23,298,503
23,294,513
23,290,571
23,286,541
23,282,544
23,278,514
23,274,557
23,270,570
23,266,583
23,262,587
23,258,553
23,254,568
23,250,564
23,246,560
23,242,551
23,238,507
23,234,497
23,230,531
23,226,497
23,222,499
23,218,451
23,214,435
23,210,415
23,206,448
23,202,372
23,198,357
23,194,349
23,190,321
23,186,286
23,182,270
23,178,239
23,174,248
23,170,214
23,166,184
23,162,183
23,158,175
23,154,166
23,150,142
23,146,103
23,142,92
23,138,92
23,134,81
23,130,77
23,126,78
23,122,53
23,118,62
23,114,58
23,110,30
23,106,29
23,102,28
23,98,18
23,94,19
23,90,24
23,86,39
23,82,38
23,78,37
23,74,28
23,70,28
23,66,12
23,62,14
23,58,10
23,54,17
23,50,9
23,46,8
23,42,10
23,38,5
23,34,7
23,30,3
23,26,5
23,22,4
23,18,0
23,14,0
23,10,1
23,6,1
23,2,816
24,298.5,0
24,295.5,0
24,292.5,1
24,289.5,0
24,286.5,3
24,283.5,9
24,280.5,19
24,277.5,28
24,274.5,49
24,271.5,59
24,268.5,79
24,265.5,125
24,262.5,158
24,259.5,160
24,256.5,236
24,253.5,239
24,250.5,304
24,247.5,311
24,244.5,357
24,241.5,361
24,238.5,374
24,235.5,373
24,232.5,385
24,229.5,431
24,226.5,424
24,223.5,418
24,220.5,438
24,217.5,445
24,214.5,421
24,211.5,379
24,208.5,405
24,205.5,417
24,202.5,463
24,199.5,396
24,196.5,448
24,193.5,405
24,190.5,436
24,187.5,455
24,184.5,455
24,181.5,444
24,178.5,445
24,175.5,437
24,172.5,456
24,169.5,447
24,166.5,514
24,163.5,448
24,160.5,461
24,157.5,433
24,154.5,478
24,151.5,452
24,148.5,435
24,145.5,398
24,142.5,417
24,139.5,350
24,136.5,380
24,133.5,304
24,130.5,373
24,127.5,305
24,124.5,315
24,121.5,251
24,118.5,265
24,115.5,224
24,112.5,229
24,109.5,195
24,106.5,191
24,103.5,143
24,100.5,183
24,97.5,135
24,94.5,106
24,91.5,96
24,88.5,101
24,85.5,60
24,82.5,70
24,79.5,69
24,76.5,72
24,73.5,58
24,70.5,40
24,67.5,36
24,64.5,26
24,61.5,25
24,58.5,27
24,55.5,15
24,52.5,18
24,49.5,12
24,46.5,13
24,43.5,2
24,40.5,11
24,37.5,6
24,34.5,7
24,31.5,7
24,28.5,1
24,25.5,1
24,22.5,2
24,19.5,3
24,16.5,4
24,13.5,3
24,10.5,3
24,7.5,3
24,4.5,0
24,1.5,829
25,398,0
25,394,0
25,390,0
25,386,0
25,382,1
25,378,1
25,374,2
25,370,3
25,366,13
25,362,30
25,358,33
25,354,45
25,350,78
25,346,92
25,342,118
25,338,160
25,334,199
25,330,246
25,326,267
25,322,332
25,318,329
25,314,363
25,310,393
25,306,430
25,302,424
25,298,417
25,294,434
25,290,476
25,286,461
25,282,466
25,278,511
25,274,453
25,270,458
25,266,477
25,262,473
25,258,459
25,254,474
25,250,506
25,246,517
25,242,472
25,238,474
25,234,514
25,230,494
25,226,477
25,222,486
25,218,423
25,214,454
25,210,522
25,206,494
25,202,434
25,198,446
25,194,432
25,190,399
25,186,396
25,182,354
25,178,345
25,174,316
25,170,320
25,166,280
25,162,232
25,158,261
25,154,201
25,150,194
25,146,212
25,142,171
25,138,130
25,134,134
25,130,126
25,126,120
25,122,92
25,118,92
25,114,69
25,110,72
25,106,44
25,102,50
25,98,41
25,94,33
25,90,28
25,86,33
25,82,23
25,78,25
25,74,20
25,70,15
25,66,12
25,62,11
25,58,12
25,54,14
25,50,8
25,46,4
25,42,6
25,38,7
25,34,3
25,30,5
25,26,0
25,22,4
25,18,3
25,14,3
25,10,3
25,6,4
25,2,801
26,398,0
26,394,0
26,390,0
26,386,0
26,382,0
26,378,0
26,374,1
26,370,4
26,366,4
26,362,22
26,358,25
26,354,34
26,350,61
26,346,82
26,342,130
26,338,138
26,334,178
26,330,209
26,326,237
26,322,292
26,318,311
26,314,356
26,310,380
26,306,382
26,302,418
26,298,398
26,294,428
26,290,477
26,286,468
26,282,454
26,278,453
26,274,496
26,270,451
26,266,496
26,262,523
26,258,539
26,254,491
26,250,488
26,246,478
26,242,497
26,238,542
26,234,508
26,230,489
26,226,493
26,222,431
26,218,523
26,214,487
26,210,565
26,206,503
26,202,519
26,198,413
26,194,488
26,190,461
26,186,477
26,182,450
26,178,421
26,174,387
26,170,359
26,166,387
26,162,374
26,158,313
26,154,290
26,150,264
26,146,235
26,142,196
26,138,210
26,134,187
26,130,161
26,126,160
26,122,165
26,118,125
26,114,115
26,110,100
26,106,90
26,102,94
26,98,69
26,94,56
26,90,53
26,86,51
26,82,36
26,78,36
26,74,34
26,70,16
26,66,18
26,62,11
26,58,13
26,54,15
26,50,10
26,46,5
26,42,8
26,38,9
26,34,3
26,30,5
26,26,1
26,22,5
26,18,4
26,14,3
26,10,3
26,6,4
26,2,867
27,298.5,0
27,295.5,0
27,292.5,0
27,289.5,0
27,286.5,1
27,283.5,1
27,280.5,5
27,277.5,6
27,274.5,6
27,271.5,15
27,268.5,31
27,265.5,36
27,262.5,64
27,259.5,83
27,256.5,93
27,253.5,104
27,250.5,159
27,247.5,165
27,244.5,210
27,241.5,212
27,238.5,270
27,235.5,252
27,232.5,292
27,229.5,334
27,226.5,373
27,223.5,383
27,220.5,378
27,217.5,371
27,214.5,438
27,211.5,436
27,208.5,425
27,205.5,457
27,202.5,447
27,199.5,429
27,196.5,486
27,193.5,541
27,190.5,446
27,187.5,484
27,184.5,451
27,181.5,479
27,178.5,513
27,175.5,476
27,172.5,460
27,169.5,485
27,166.5,446
27,163.5,454
27,160.5,406
27,157.5,443
27,154.5,418
27,151.5,444
27,148.5,397
27,145.5,411
27,142.5,358
27,139.5,398
27,136.5,359
27,133.5,371
27,130.5,382
27,127.5,341
27,124.5,318
27,121.5,348
27,118.5,318
27,115.5,285
27,112.5,289
27,109.5,265
27,106.5,316
27,103.5,279
27,100.5,225
27,97.5,215
27,94.5,207
27,91.5,207
27,88.5,159
27,85.5,167
27,82.5,150
27,79.5,116
27,76.5,89
27,73.5,97
27,70.5,79
27,67.5,78
27,64.5,53
27,61.5,49
27,58.5,25
27,55.5,29
27,52.5,19
27,49.5,19
27,46.5,17
27,43.5,10
27,40.5,13
27,37.5,7
27,34.5,4
27,31.5,9
27,28.5,9
27,25.5,4
27,22.5,7
27,19.5,3
27,16.5,6
27,13.5,2
27,10.5,3
27,7.5,0
27,4.5,0
27,1.5,829
28,398,0
28,394,0
28,390,0
28,386,0
28,382,0
28,378,1
28,374,1
28,370,2
28,366,6
28,362,10
28,358,20
28,354,38
28,350,48
28,346,66
28,342,96
28,338,97
28,334,132
28,330,178
28,326,183
28,322,183
28,318,234
28,314,233
28,310,244
28,306,266
28,302,264
28,298,250
28,294,256
28,290,266
28,286,283
28,282,277
28,278,281
28,274,282
28,270,269
28,266,305
28,262,275
28,258,279
28,254,270
28,250,317
28,246,336
28,242,280
28,238,327
28,234,275
28,230,281
28,226,247
28,222,253
28,218,262
28,214,271
28,210,277
28,206,247
28,202,282
28,198,245
28,194,247
28,190,238
28,186,238
28,182,237
28,178,221
28,174,212
28,170,200
28,166,192
28,162,191
28,158,198
28,154,181
28,150,176
28,146,198
28,142,151
28,138,140
28,134,153
28,130,147
28,126,134
28,122,106
28,118,106
28,114,102
28,110,87
28,106,80
28,102,67
28,98,61
28,94,56
28,90,47
28,86,47
28,82,41
28,78,28
28,74,27
28,70,24
28,66,15
28,62,14
28,58,9
28,54,9
28,50,3
28,46,7
28,42,4
28,38,7
28,34,7
28,30,1
28,26,6
28,22,3
28,18,3
28,14,0
28,10,1
28,6,0
28,2,595
29,298.5,0
29,295.5,0
29,292.5,0
29,289.5,0
29,286.5,0
29,283.5,0
29,280.5,2
29,277.5,6
29,274.5,8
29,271.5,12
29,268.5,17
29,265.5,17
29,262.5,32
29,259.5,43
29,256.5,64
29,253.5,70
29,250.5,97
29,247.5,120
29,244.5,130
29,241.5,157
29,238.5,178
29,235.5,203
29,232.5,262
29,229.5,244
29,226.5,254
29,223.5,304
29,220.5,309
29,217.5,330
29,214.5,361
29,211.5,374
29,208.5,398
29,205.5,380
29,202.5,430
29,199.5,427
29,196.5,427
29,193.5,453
29,190.5,415
29,187.5,470
29,184.5,490
29,181.5,468
29,178.5,499
29,175.5,445
29,172.5,475
29,169.5,462
29,166.5,502
29,163.5,467
29,160.5,489
29,157.5,467
29,154.5,452
29,151.5,464
29,148.5,439
29,145.5,407
29,142.5,406
29,139.5,426
29,136.5,386
29,133.5,361
29,130.5,368
29,127.5,391
29,124.5,380
29,121.5,358
29,118.5,347
29,115.5,331
29,112.5,281
29,109.5,294
29,106.5,288
29,103.5,254
29,100.5,255
29,97.5,203
29,94.5,181
29,91.5,199
29,88.5,164
29,85.5,123
29,82.5,115
29,79.5,107
29,76.5,89
29,73.5,68
29,70.5,59
29,67.5,47
29,64.5,44
29,61.5,31
29,58.5,31
29,55.5,23
29,52.5,19
29,49.5,17
29,46.5,11
29,43.5,8
29,40.5,7
29,37.5,6
29,34.5,6
29,31.5,11
29,28.5,3
29,25.5,11
29,22.5,8
29,19.5,9
29,16.5,3
29,13.5,2
29,10.5,1
29,7.5,0
29,4.5,0
29,1.5,746
30,398,0
30,394,0
30,390,0
30,386,0
30,382,0
30,378,0
30,374,4
30,370,3
30,366,15
30,362,15
30,358,20
30,354,32
30,350,43
30,346,74
30,342,83
30,338,110
30,334,126
30,330,156
30,326,158
30,322,205
30,318,215
30,314,240
30,310,258
30,306,287
30,302,250
30,298,299
30,294,335
30,290,361
30,286,358
30,282,364
30,278,367
30,274,362
30,270,384
30,266,466
30,262,410
30,258,413
30,254,446
30,250,429
30,246,440
30,242,403
30,238,420
30,234,441
30,230,432
30,226,410
30,222,427
30,218,394
30,214,472
30,210,397
30,206,423
30,202,395
30,198,370
30,194,356
30,190,363
30,186,365
30,182,376
30,178,366
30,174,345
30,170,336
30,166,354
30,162,336
30,158,344
30,154,313
30,150,278
30,146,280
30,142,257
30,138,296
30,134,302
30,130,225
30,126,242
30,122,177
30,118,178
30,114,145
30,110,148
30,106,145
30,102,118
30,98,78
30,94,71
30,90,62
30,86,62
30,82,47
30,78,35
30,74,38
30,70,24
30,66,14
30,62,19
30,58,11
30,54,8
30,50,9
30,46,4
30,42,10
30,38,8
30,34,8
30,30,1
30,26,3
30,22,5
30,18,2
30,14,0
30,10,0
30,6,0
30,2,726
31,497.5,0
31,492.5,0
31,487.5,0
31,482.5,0
31,477.5,0
31,472.5,0
31,467.5,2
31,462.5,2
31,457.5,8
31,452.5,14
31,447.5,16
31,442.5,25
31,437.5,36
31,432.5,63
31,427.5,81
31,422.5,97
31,417.5,115
31,412.5,130
31,407.5,150
31,402.5,172
31,397.5,193
31,392.5,199
31,387.5,219
31,382.5,186
31,377.5,189
31,372.5,219
31,367.5,246
31,362.5,237
31,357.5,253
31,352.5,233
31,347.5,238
31,342.5,223
31,337.5,266
31,332.5,269
31,327.5,235
31,322.5,251
31,317.5,244
31,312.5,256
31,307.5,264
31,302.5,253
31,297.5,260
31,292.5,239
31,287.5,267
31,282.5,273
31,277.5,230
31,272.5,239
31,267.5,214
31,262.5,232
31,257.5,231
31,252.5,248
31,247.5,224
31,242.5,229
31,237.5,220
31,232.5,232
31,227.5,184
31,222.5,213
31,217.5,187
31,212.5,180
31,207.5,171
31,202.5,192
31,197.5,193
31,192.5,166
31,187.5,173
31,182.5,181
31,177.5,136
31,172.5,166
31,167.5,147
31,162.5,122
31,157.5,112
31,152.5,100
31,147.5,105
31,142.5,107
31,137.5,82
31,132.5,65
31,127.5,63
31,122.5,68
31,117.5,61
31,112.5,50
31,107.5,39
31,102.5,21
31,97.5,25
31,92.5,24
31,87.5,15
31,82.5,18
31,77.5,21
31,72.5,12
31,67.5,7
31,62.5,7
31,57.5,6
31,52.5,10
31,47.5,6
31,42.5,3
31,37.5,6
31,32.5,2
31,27.5,2
31,22.5,2
31,17.5,2
31,12.5,0
31,7.5,0
31,2.5,505
35,298.5,0
35,295.5,0
35,292.5,0
35,289.5,0
35,286.5,1
35,283.5,2
35,280.5,3
35,277.5,10
35,274.5,12
35,271.5,39
35,268.5,35
35,265.5,102
35,262.5,118
35,259.5,171
35,256.5,191
35,253.5,215
35,250.5,271
35,247.5,303
35,244.5,349
35,241.5,386
35,238.5,408
35,235.5,422
35,232.5,428
35,229.5,437
35,226.5,428
35,223.5,438
35,220.5,436
35,217.5,436
35,214.5,435
35,211.5,448
35,208.5,469
35,205.5,440
35,202.5,430
35,199.5,385
35,196.5,412
35,193.5,447
35,190.5,453
35,187.5,487
35,184.5,454
35,181.5,395
35,178.5,449
35,175.5,477
35,172.5,494
35,169.5,476
35,166.5,466
35,163.5,481
35,160.5,519
35,157.5,466
35,154.5,472
35,151.5,506
35,148.5,481
35,145.5,440
35,142.5,428
35,139.5,428
35,136.5,437
35,133.5,411
35,130.5,364
35,127.5,364
35,124.5,311
35,121.5,299
35,118.5,264
35,115.5,254
35,112.5,243
35,109.5,197
35,106.5,184
35,103.5,122
35,100.5,134
35,97.5,124
35,94.5,104
35,91.5,118
35,88.5,88
35,85.5,65
35,82.5,76
35,79.5,59
35,76.5,51
35,73.5,39
35,70.5,38
35,67.5,24
35,64.5,19
35,61.5,22
35,58.5,12
35,55.5,15
35,52.5,11
35,49.5,7
35,46.5,7
35,43.5,8
35,40.5,4
35,37.5,4
35,34.5,2
35,31.5,2
35,28.5,0
35,25.5,0
35,22.5,0
35,19.5,0
35,16.5,1
35,13.5,1
35,10.5,1
35,7.5,1
35,4.5,0
35,1.5,900
37,298.5,0
37,295.5,0
37,292.5,0
37,289.5,0
37,286.5,0
37,283.5,2
37,280.5,2
37,277.5,10
37,274.5,19
37,271.5,32
37,268.5,50
37,265.5,96
37,262.5,141
37,259.5,206
37,256.5,248
37,253.5,279
37,250.5,341
37,247.5,313
37,244.5,312
37,241.5,315
37,238.5,363
37,235.5,339
37,232.5,359
37,229.5,332
37,226.5,334
37,223.5,308
37,220.5,298
37,217.5,307
37,214.5,320
37,211.5,297
37,208.5,302
37,205.5,283
37,202.5,279
37,199.5,280
37,196.5,298
37,193.5,270
37,190.5,267
37,187.5,262
37,184.5,272
37,181.5,255
37,178.5,261
37,175.5,258
37,172.5,258
37,169.5,271
37,166.5,264
37,163.5,259
37,160.5,265
37,157.5,246
37,154.5,249
37,151.5,243
37,148.5,240
37,145.5,205
37,142.5,188
37,139.5,187
37,136.5,208
37,133.5,206
37,130.5,184
37,127.5,190
37,124.5,182
37,121.5,182
37,118.5,161
37,115.5,155
37,112.5,166
37,109.5,126
37,106.5,139
37,103.5,137
37,100.5,116
37,97.5,109
37,94.5,90
37,91.5,87
37,88.5,71
37,85.5,63
37,82.5,58
37,79.5,56
37,76.5,54
37,73.5,36
37,70.5,42
37,67.5,32
37,64.5,31
37,61.5,25
37,58.5,21
37,55.5,17
37,52.5,11
37,49.5,15
37,46.5,3
37,43.5,3
37,40.5,8
37,37.5,0
37,34.5,2
37,31.5,3
37,28.5,2
37,25.5,5
37,22.5,4
37,19.5,3
37,16.5,2
37,13.5,1
37,10.5,1
37,7.5,1
37,4.5,0
37,1.5,708
39,298.5,0
39,295.5,0
39,292.5,0
39,289.5,0
39,286.5,0
39,283.5,2
39,280.5,14
39,277.5,22
39,274.5,27
39,271.5,55
39,268.5,79
39,265.5,127
39,262.5,175
39,259.5,208
39,256.5,258
39,253.5,284
39,250.5,341
39,247.5,385
39,244.5,427
39,241.5,398
39,238.5,425
39,235.5,404
39,232.5,464
39,229.5,473
39,226.5,485
39,223.5,439
39,220.5,459
39,217.5,442
39,214.5,443
39,211.5,450
39,208.5,459
39,205.5,451
39,202.5,441
39,199.5,464
39,196.5,476
39,193.5,373
39,190.5,407
39,187.5,394
39,184.5,437
39,181.5,392
39,178.5,434
39,175.5,403
39,172.5,402
39,169.5,382
39,166.5,400
39,163.5,380
39,160.5,337
39,157.5,373
39,154.5,335
39,151.5,348
39,148.5,376
39,145.5,346
39,142.5,331
39,139.5,316
39,136.5,321
39,133.5,267
39,130.5,312
39,127.5,313
39,124.5,295
39,121.5,302
39,118.5,280
39,115.5,244
39,112.5,233
39,109.5,271
39,106.5,258
39,103.5,234
39,100.5,194
39,97.5,177
39,94.5,168
39,91.5,150
39,88.5,152
39,85.5,112
39,82.5,91
39,79.5,96
39,76.5,70
39,73.5,46
39,70.5,50
39,67.5,53
39,64.5,30
39,61.5,32
39,58.5,15
39,55.5,15
39,52.5,16
39,49.5,11
39,46.5,7
39,43.5,5
39,40.5,3
39,37.5,6
39,34.5,3
39,31.5,6
39,28.5,5
39,25.5,6
39,22.5,4
39,19.5,4
39,16.5,3
39,13.5,3
39,10.5,4
39,7.5,2
39,4.5,0
39,1.5,854
40,398,0
40,394,0
40,390,0
40,386,0
40,382,0
40,378,0
40,374,7
40,370,8
40,366,18
40,362,37
40,358,62
40,354,95
40,350,140
40,346,158
40,342,212
40,338,234
40,334,241
40,330,296
40,326,296
40,322,308
40,318,304
40,314,282
40,310,283
40,306,303
40,302,296
40,298,287
40,294,312
40,290,282
40,286,279
40,282,295
40,278,263
40,274,257
40,270,278
40,266,296
40,262,261
40,258,268
40,254,269
40,250,284
40,246,276
40,242,254
40,238,252
40,234,233
40,230,263
40,226,262
40,222,265
40,218,219
40,214,241
40,210,215
40,206,247
40,202,220
40,198,199
40,194,207
40,190,200
40,186,195
40,182,171
40,178,197
40,174,183
40,170,191
40,166,183
40,162,177
40,158,171
40,154,168
40,150,169
40,146,149
40,142,138
40,138,125
40,134,111
40,130,118
40,126,109
40,122,100
40,118,91
40,114,91
40,110,73
40,106,60
40,102,55
40,98,41
40,94,37
40,90,37
40,86,32
40,82,24
40,78,32
40,74,16
40,70,11
40,66,11
40,62,7
40,58,5
40,54,6
40,50,3
40,46,5
40,42,1
40,38,2
40,34,5
40,30,0
40,26,7
40,22,1
40,18,3
40,14,0
40,10,2
40,6,0
40,2,616
42,298.5,0
42,295.5,0
42,292.5,0
42,289.5,0
42,286.5,0
42,283.5,0
42,280.5,3
42,277.5,13
42,274.5,10
42,271.5,27
42,268.5,44
42,265.5,48
42,262.5,77
42,259.5,95
42,256.5,145
42,253.5,206
42,250.5,247
42,247.5,252
42,244.5,301
42,241.5,306
42,238.5,363
42,235.5,391
42,232.5,384
42,229.5,426
42,226.5,407
42,223.5,439
42,220.5,401
42,217.5,412
42,214.5,399
42,211.5,433
42,208.5,443
42,205.5,418
42,202.5,427
42,199.5,490
42,196.5,474
42,193.5,444
42,190.5,460
42,187.5,452
42,184.5,429
42,181.5,360
42,178.5,428
42,175.5,411
42,172.5,441
42,169.5,440
42,166.5,418
42,163.5,375
42,160.5,447
42,157.5,368
42,154.5,340
42,151.5,397
42,148.5,352
42,145.5,344
42,142.5,358
42,139.5,333
42,136.5,313
42,133.5,303
42,130.5,306
42,127.5,310
42,124.5,321
42,121.5,299
42,118.5,314
42,115.5,276
42,112.5,251
42,109.5,242
42,106.5,216
42,103.5,215
42,100.5,188
42,97.5,176
42,94.5,171
42,91.5,127
42,88.5,99
42,85.5,95
42,82.5,79
42,79.5,69
42,76.5,64
42,73.5,48
42,70.5,41
42,67.5,26
42,64.5,32
42,61.5,19
42,58.5,14
42,55.5,16
42,52.5,12
42,49.5,6
42,46.5,7
42,43.5,3
42,40.5,1
42,37.5,5
42,34.5,5
42,31.5,6
42,28.5,3
42,25.5,9
42,22.5,6
42,19.5,10
42,16.5,4
42,13.5,2
42,10.5,1
42,7.5,1
42,4.5,0
42,1.5,769
43,398,0
43,394,0
43,390,0
43,386,0
43,382,0
43,378,0
43,374,1
43,370,3
43,366,9
43,362,21
43,358,25
43,354,48
43,350,68
43,346,98
43,342,128
43,338,164
43,334,186
43,330,218
43,326,224
43,322,221
43,318,271
43,314,272
43,310,266
43,306,252
43,302,266
43,298,249
43,294,264
43,290,264
43,286,249
43,282,281
43,278,238
43,274,264
43,270,259
43,266,244
43,262,308
43,258,248
43,254,261
43,250,244
43,246,252
43,242,275
43,238,270
43,234,257
43,230,254
43,226,245
43,222,242
43,218,239
43,214,215
43,210,200
43,206,204
43,202,232
43,198,207
43,194,186
43,190,185
43,186,190
43,182,193
43,178,173
43,174,166
43,170,182
43,166,161
43,162,175
43,158,166
43,154,163
43,150,165
43,146,122
43,142,125
43,138,86
43,134,104
43,130,112
43,126,85
43,122,72
43,118,84
43,114,70
43,110,47
43,106,50
43,102,43
43,98,37
43,94,36
43,90,31
43,86,23
43,82,22
43,78,21
43,74,18
43,70,9
43,66,6
43,62,5
43,58,7
43,54,7
43,50,4
43,46,6
43,42,1
43,38,1
43,34,3
43,30,1
43,26,2
43,22,2
43,18,1
43,14,2
43,10,2
43,6,0
43,2,528
44,398,0
44,394,0
44,390,0
44,386,0
44,382,0
44,378,0
44,374,6
44,370,10
44,366,17
44,362,35
44,358,54
44,354,61
44,350,83
44,346,127
44,342,178
44,338,191
44,334,245
44,330,247
44,326,286
44,322,303
44,318,326
44,314,352
44,310,367
44,306,368
44,302,363
44,298,386
44,294,384
44,290,372
44,286,398
44,282,359
44,278,419
44,274,412
44,270,443
44,266,416
44,262,403
44,258,447
44,254,445
44,250,375
44,246,418
44,242,406
44,238,425
44,234,417
44,230,419
44,226,367
44,222,357
44,218,369
44,214,349
44,210,343
44,206,382
44,202,328
44,198,321
44,194,344
44,190,325
44,186,318
44,182,322
44,178,321
44,174,327
44,170,298
44,166,308
44,162,298
44,158,309
44,154,274
44,150,300
44,146,255
44,142,237
44,138,245
44,134,240
44,130,201
44,126,174
44,122,157
44,118,156
44,114,146
44,110,103
44,106,91
44,102,96
44,98,75
44,94,42
44,90,37
44,86,29
44,82,34
44,78,30
44,74,19
44,70,20
44,66,10
44,62,6
44,58,7
44,54,7
44,50,9
44,46,3
44,42,5
44,38,3
44,34,4
44,30,0
44,26,4
44,22,5
44,18,2
44,14,1
44,10,1
44,6,0
44,2,742
45,497.5,0
45,492.5,0
45,487.5,0
45,482.5,0
45,477.5,0
45,472.5,0
45,467.5,1
45,462.5,8
45,457.5,10
45,452.5,19
45,447.5,42
45,442.5,66
45,437.5,78
45,432.5,104
45,427.5,142
45,422.5,178
45,417.5,193
45,412.5,198
45,407.5,203
45,402.5,235
45,397.5,242
45,392.5,271
45,387.5,249
45,382.5,234
45,377.5,252
45,372.5,250
45,367.5,243
45,362.5,244
45,357.5,266
45,352.5,274
45,347.5,255
45,342.5,240
45,337.5,256
45,332.5,233
45,327.5,232
45,322.5,273
45,317.5,249
45,312.5,236
45,307.5,246
45,302.5,247
45,297.5,260
45,292.5,236
45,287.5,222
45,282.5,229
45,277.5,238
45,272.5,209
45,267.5,234
45,262.5,212
45,257.5,187
45,252.5,202
45,247.5,189
45,242.5,180
45,237.5,168
45,232.5,192
45,227.5,183
45,222.5,178
45,217.5,181
45,212.5,181
45,207.5,175
45,202.5,155
45,197.5,156
45,192.5,161
45,187.5,148
45,182.5,149
45,177.5,134
45,172.5,139
45,167.5,113
45,162.5,114
45,157.5,96
45,152.5,108
45,147.5,94
45,142.5,87
45,137.5,71
45,132.5,54
45,127.5,52
45,122.5,46
45,117.5,47
45,112.5,35
45,107.5,31
45,102.5,30
45,97.5,24
45,92.5,14
45,87.5,12
45,82.5,11
45,77.5,8
45,72.5,9
45,67.5,3
45,62.5,5
45,57.5,4
45,52.5,3
45,47.5,4
45,42.5,2
45,37.5,1
45,32.5,2
45,27.5,3
45,22.5,1
45,17.5,1
45,12.5,1
45,7.5,1
45,2.5,518
46,298.5,0
46,295.5,0
46,292.5,0
46,289.5,0
46,286.5,0
46,283.5,1
46,280.5,2
46,277.5,4
46,274.5,10
46,271.5,28
46,268.5,26
46,265.5,63
46,262.5,84
46,259.5,107
46,256.5,165
46,253.5,213
46,250.5,229
46,247.5,291
46,244.5,310
46,241.5,307
46,238.5,322
46,235.5,391
46,232.5,409
46,229.5,416
46,226.5,429
46,223.5,407
46,220.5,472
46,217.5,444
46,214.5,420
46,211.5,465
46,208.5,440
46,205.5,471
46,202.5,460
46,199.5,420
46,196.5,427
46,193.5,470
46,190.5,427
46,187.5,446
46,184.5,450
46,181.5,466
46,178.5,450
46,175.5,475
46,172.5,451
46,169.5,498
46,166.5,492
46,163.5,483
46,160.5,498
46,157.5,530
46,154.5,498
46,151.5,500
46,148.5,482
46,145.5,497
46,142.5,488
46,139.5,481
46,136.5,445
46,133.5,450
46,130.5,468
46,127.5,451
46,124.5,434
46,121.5,395
46,118.5,372
46,115.5,342
46,112.5,341
46,109.5,293
46,106.5,296
46,103.5,262
46,100.5,222
46,97.5,212
46,94.5,176
46,91.5,175
46,88.5,138
46,85.5,135
46,82.5,146
46,79.5,105
46,76.5,85
46,73.5,85
46,70.5,58
46,67.5,47
46,64.5,42
46,61.5,35
46,58.5,24
46,55.5,19
46,52.5,11
46,49.5,13
46,46.5,8
46,43.5,7
46,40.5,5
46,37.5,5
46,34.5,5
46,31.5,5
46,28.5,3
46,25.5,1
46,22.5,0
46,19.5,1
46,16.5,1
46,13.5,1
46,10.5,0
46,7.5,0
46,4.5,0
46,1.5,964
47,398,0
47,394,0
47,390,0
47,386,0
47,382,0
47,378,1
47,374,2
47,370,6
47,366,5
47,362,16
47,358,27
47,354,53
47,350,71
47,346,100
47,342,124
47,338,166
47,334,209
47,330,252
47,326,266
47,322,304
47,318,377
47,314,361
47,310,375
47,306,390
47,302,397
47,298,400
47,294,426
47,290,404
47,286,447
47,282,404
47,278,421
47,274,427
47,270,448
47,266,448
47,262,471
47,258,437
47,254,424
47,250,458
47,246,451
47,242,429
47,238,485
47,234,455
47,230,484
47,226,466
47,222,453
47,218,461
47,214,447
47,210,402
47,206,457
47,202,488
47,198,425
47,194,430
47,190,410
47,186,392
47,182,410
47,178,393
47,174,346
47,170,346
47,166,350
47,162,277
47,158,276
47,154,264
47,150,242
47,146,195
47,142,204
47,138,181
47,134,142
47,130,107
47,126,130
47,122,82
47,118,92
47,114,66
47,110,74
47,106,58
47,102,61
47,98,31
47,94,34
47,90,30
47,86,30
47,82,29
47,78,11
47,74,20
47,70,11
47,66,5
47,62,13
47,58,9
47,54,6
47,50,3
47,46,7
47,42,5
47,38,4
47,34,2
47,30,3
47,26,1
47,22,0
47,18,0
47,14,2
47,10,0
47,6,0
47,2,818
48,298.5,0
48,295.5,0
48,292.5,0
48,289.5,0
48,286.5,0
48,283.5,0
48,280.5,1
48,277.5,1
48,274.5,5
48,271.5,10
48,268.5,16
48,265.5,30
48,262.5,54
48,259.5,76
48,256.5,123
48,253.5,133
48,250.5,209
48,247.5,239
48,244.5,249
48,241.5,333
48,238.5,332
48,235.5,419
48,232.5,441
48,229.5,482
48,226.5,451
48,223.5,484
48,220.5,465
48,217.5,499
48,214.5,519
48,211.5,482
48,208.5,514
48,205.5,501
48,202.5,527
48,199.5,487
48,196.5,497
48,193.5,487
48,190.5,505
48,187.5,516
48,184.5,514
48,181.5,457
48,178.5,548
48,175.5,506
48,172.5,541
48,169.5,559
48,166.5,513
48,163.5,537
48,160.5,592
48,157.5,528
48,154.5,551
48,151.5,596
48,148.5,551
48,145.5,536
48,142.5,532
48,139.5,577
48,136.5,502
48,133.5,477
48,130.5,445
48,127.5,436
48,124.5,437
48,121.5,371
48,118.5,364
48,115.5,342
48,112.5,288
48,109.5,302
48,106.5,252
48,103.5,228
48,100.5,190
48,97.5,191
48,94.5,165
48,91.5,139
48,88.5,142
48,85.5,116
48,82.5,101
48,79.5,108
48,76.5,67
48,73.5,57
48,70.5,53
48,67.5,39
48,64.5,45
48,61.5,24
48,58.5,23
48,55.5,20
48,52.5,9
48,49.5,10
48,46.5,7
48,43.5,7
48,40.5,5
48,37.5,5
48,34.5,4
48,31.5,3
48,28.5,2
48,25.5,0
48,22.5,1
48,19.5,1
48,16.5,1
48,13.5,2
48,10.5,0
48,7.5,2
48,4.5,0
48,1.5,1035
50,398,0
50,394,0
50,390,0
50,386,0
50,382,0
50,378,0
50,374,1
50,370,6
50,366,5
50,362,9
50,358,16
50,354,29
50,350,67
50,346,68
50,342,109
50,338,137
50,334,196
50,330,221
50,326,246
50,322,298
50,318,355
50,314,421
50,310,417
50,306,419
50,302,425
50,298,432
50,294,473
50,290,454
50,286,450
50,282,487
50,278,458
50,274,504
50,270,520
50,266,504
50,262,464
50,258,473
50,254,461
50,250,492
50,246,476
50,242,508
50,238,510
50,234,508
50,230,478
50,226,549
50,222,495
50,218,522
50,214,459
50,210,509
50,206,501
50,202,478
50,198,467
50,194,478
50,190,434
50,186,389
50,182,384
50,178,386
50,174,359
50,170,316
50,166,302
50,162,293
50,158,276
50,154,245
50,150,220
50,146,199
50,142,165
50,138,148
50,134,147
50,130,96
50,126,99
50,122,94
50,118,74
50,114,81
50,110,63
50,106,44
50,102,44
50,98,36
50,94,21
50,90,34
50,86,23
50,82,29
50,78,15
50,74,11
50,70,14
50,66,5
50,62,9
50,58,9
50,54,5
50,50,3
50,46,7
50,42,5
50,38,3
50,34,2
50,30,2
50,26,0
50,22,1
50,18,0
50,14,2
50,10,1
50,6,1
50,2,859
51,398,0
51,394,0
51,390,0
51,386,0
51,382,0
51,378,0
51,374,0
51,370,2
51,366,2
51,362,10
51,358,16
51,354,26
51,350,37
51,346,59
51,342,97
51,338,130
51,334,156
51,330,208
51,326,223
51,322,288
51,318,325
51,314,338
51,310,365
51,306,429
51,302,405
51,298,449
51,294,458
51,290,457
51,286,463
51,282,468
51,278,492
51,274,534
51,270,480
51,266,493
51,262,460
51,258,520
51,254,493
51,250,517
51,246,498
51,242,527
51,238,531
51,234,515
51,230,502
51,226,518
51,222,543
51,218,544
51,214,495
51,210,539
51,206,530
51,202,539
51,198,518
51,194,479
51,190,491
51,186,457
51,182,461
51,178,451
51,174,468
51,170,446
51,166,403
51,162,375
51,158,368
51,154,297
51,150,336
51,146,260
51,142,248
51,138,202
51,134,203
51,130,184
51,126,170
51,122,140
51,118,129
51,114,100
51,110,119
51,106,99
51,102,71
51,98,57
51,94,57
51,90,49
51,86,40
51,82,35
51,78,23
51,74,21
51,70,15
51,66,10
51,62,16
51,58,8
51,54,7
51,50,5
51,46,5
51,42,5
51,38,4
51,34,2
51,30,6
51,26,0
51,22,1
51,18,1
51,14,2
51,10,0
51,6,1
51,2,947
54,497.5,0
54,492.5,0
54,487.5,0
54,482.5,0
54,477.5,0
54,472.5,0
54,467.5,0
54,462.5,5
54,457.5,1
54,452.5,8
54,447.5,17
54,442.5,23
54,437.5,41
54,432.5,66
54,427.5,88
54,422.5,107
54,417.5,162
54,412.5,188
54,407.5,220
54,402.5,262
54,397.5,309
54,392.5,342
54,387.5,386
54,382.5,419
54,377.5,356
54,372.5,395
54,367.5,441
54,362.5,426
54,357.5,430
54,352.5,461
54,347.5,418
54,342.5,490
54,337.5,475
54,332.5,486
54,327.5,492
54,322.5,492
54,317.5,475
54,312.5,454
54,307.5,483
54,302.5,461
54,297.5,501
54,292.5,495
54,287.5,506
54,282.5,497
54,277.5,485
54,272.5,464
54,267.5,459
54,262.5,450
54,257.5,504
54,252.5,434
54,247.5,441
54,242.5,450
54,237.5,397
54,232.5,411
54,227.5,412
54,222.5,368
54,217.5,339
54,212.5,295
54,207.5,306
54,202.5,280
54,197.5,252
54,192.5,242
54,187.5,204
54,182.5,196
54,177.5,203
54,172.5,159
54,167.5,135
54,162.5,127
54,157.5,123
54,152.5,95
54,147.5,86
54,142.5,91
54,137.5,76
54,132.5,67
54,127.5,50
54,122.5,37
54,117.5,27
54,112.5,26
54,107.5,25
54,102.5,16
54,97.5,7
54,92.5,15
54,87.5,16
54,82.5,19
54,77.5,11
54,72.5,12
54,67.5,7
54,62.5,11
54,57.5,8
54,52.5,4
54,47.5,5
54,42.5,5
54,37.5,4
54,32.5,4
54,27.5,0
54,22.5,1
54,17.5,1
54,12.5,1
54,7.5,1
54,2.5,804
55,298.5,0
55,295.5,0
55,292.5,0
55,289.5,1
55,286.5,5
55,283.5,8
55,280.5,13
55,277.5,30
55,274.5,65
55,271.5,117
55,268.5,156
55,265.5,190
55,262.5,259
55,259.5,316
55,256.5,359
55,253.5,423
55,250.5,456
55,247.5,495
55,244.5,552
55,241.5,567
55,238.5,606
55,235.5,595
55,232.5,627
55,229.5,608
55,226.5,573
55,223.5,658
55,220.5,633
55,217.5,635
55,214.5,635
55,211.5,652
55,208.5,556
55,205.5,600
55,202.5,589
55,199.5,614
55,196.5,616
55,193.5,584
55,190.5,538
55,187.5,537
55,184.5,537
55,181.5,556
55,178.5,542
55,175.5,526
55,172.5,601
55,169.5,606
55,166.5,605
55,163.5,574
55,160.5,545
55,157.5,592
55,154.5,604
55,151.5,619
55,148.5,576
55,145.5,577
55,142.5,573
55,139.5,540
55,136.5,575
55,133.5,543
55,130.5,549
55,127.5,557
55,124.5,563
55,121.5,562
55,118.5,516
55,115.5,537
55,112.5,465
55,109.5,449
55,106.5,450
55,103.5,449
55,100.5,388
55,97.5,383
55,94.5,361
55,91.5,371
55,88.5,330
55,85.5,283
55,82.5,257
55,79.5,242
55,76.5,232
55,73.5,198
55,70.5,162
55,67.5,142
55,64.5,105
55,61.5,99
55,58.5,78
55,55.5,68
55,52.5,54
55,49.5,37
55,46.5,28
55,43.5,18
55,40.5,14
55,37.5,4
55,34.5,7
55,31.5,4
55,28.5,2
55,25.5,0
55,22.5,3
55,19.5,4
55,16.5,8
55,13.5,5
55,10.5,2
55,7.5,5
55,4.5,0
55,1.5,1328
57,398,0
57,394,0
57,390,0
57,386,0
57,382,1
57,378,1
57,374,2
57,370,13
57,366,27
57,362,45
57,358,45
57,354,68
57,350,102
57,346,138
57,342,163
57,338,200
57,334,239
57,330,262
57,326,289
57,322,330
57,318,341
57,314,310
57,310,356
57,306,362
57,302,386
57,298,395
57,294,390
57,290,349
57,286,365
57,282,382
57,278,360
57,274,369
57,270,419
57,266,371
57,262,400
57,258,400
57,254,397
57,250,344
57,246,362
57,242,378
57,238,409
57,234,394
57,230,440
57,226,413
57,222,404
57,218,408
57,214,429
57,210,435
57,206,443
57,202,448
57,198,413
57,194,417
57,190,431
57,186,466
57,182,422
57,178,425
57,174,427
57,170,412
57,166,432
57,162,363
57,158,365
57,154,323
57,150,344
57,146,306
57,142,262
57,138,251
57,134,246
57,130,214
57,126,207
57,122,162
57,118,172
57,114,132
57,110,101
57,106,97
57,102,85
57,98,64
57,94,55
57,90,72
57,86,41
57,82,43
57,78,28
57,74,29
57,70,10
57,66,15
57,62,6
57,58,8
57,54,10
57,50,6
57,46,3
57,42,4
57,38,1
57,34,1
57,30,3
57,26,0
57,22,3
57,18,3
57,14,6
57,10,3
57,6,3
57,2,816
58,497.5,0
58,492.5,0
58,487.5,0
58,482.5,0
58,477.5,0
58,472.5,0
58,467.5,2
58,462.5,3
58,457.5,5
58,452.5,9
58,447.5,13
58,442.5,20
58,437.5,38
58,432.5,33
58,427.5,65
58,422.5,49
58,417.5,75
58,412.5,81
58,407.5,97
58,402.5,92
58,397.5,102
58,392.5,92
58,387.5,96
58,382.5,112
58,377.5,130
58,372.5,133
58,367.5,138
58,362.5,130
58,357.5,130
58,352.5,127
58,347.5,136
58,342.5,176
58,337.5,144
58,332.5,139
58,327.5,166
58,322.5,145
58,317.5,143
58,312.5,145
58,307.5,139
58,302.5,156
58,297.5,143
58,292.5,155
58,287.5,125
58,282.5,135
58,277.5,120
58,272.5,143
58,267.5,120
58,262.5,100
58,257.5,116
58,252.5,127
58,247.5,132
58,242.5,96
58,237.5,105
58,232.5,111
58,227.5,111
58,222.5,110
58,217.5,105
58,212.5,97
58,207.5,99
58,202.5,90
58,197.5,65
58,192.5,84
58,187.5,106
58,182.5,96
58,177.5,72
58,172.5,77
58,167.5,70
58,162.5,64
58,157.5,72
58,152.5,59
58,147.5,53
58,142.5,57
58,137.5,54
58,132.5,43
58,127.5,43
58,122.5,44
58,117.5,31
58,112.5,29
58,107.5,22
58,102.5,21
58,97.5,28
58,92.5,8
58,87.5,18
58,82.5,14
58,77.5,11
58,72.5,6
58,67.5,3
58,62.5,3
58,57.5,4
58,52.5,0
58,47.5,1
58,42.5,1
58,37.5,1
58,32.5,1
58,27.5,3
58,22.5,2
58,17.5,3
58,12.5,0
58,7.5,2
58,2.5,255
59,398,0
59,394,0
59,390,0
59,386,0
59,382,0
59,378,2
59,374,2
59,370,4
59,366,29
59,362,19
59,358,42
59,354,50
59,350,108
59,346,122
59,342,131
59,338,192
59,334,251
59,330,234
59,326,245
59,322,320
59,318,299
59,314,334
59,310,362
59,306,336
59,302,375
59,298,405
59,294,387
59,290,389
59,286,390
59,282,368
59,278,408
59,274,377
59,270,361
59,266,402
59,262,383
59,258,396
59,254,409
59,250,392
59,246,415
59,242,438
59,238,381
59,234,427
59,230,399
59,226,419
59,222,384
59,218,419
59,214,418
59,210,408
59,206,464
59,202,476
59,198,444
59,194,427
59,190,458
59,186,452
59,182,461
59,178,447
59,174,438
59,170,469
59,166,473
59,162,423
59,158,402
59,154,422
59,150,389
59,146,353
59,142,341
59,138,318
59,134,338
59,130,257
59,126,245
59,122,234
59,118,207
59,114,204
59,110,176
59,106,143
59,102,138
59,98,128
59,94,119
59,90,95
59,86,85
59,82,59
59,78,54
59,74,48
59,70,28
59,66,16
59,62,14
59,58,14
59,54,10
59,50,8
59,46,6
59,42,6
59,38,3
59,34,4
59,30,4
59,26,0
59,22,3
59,18,4
59,14,5
59,10,2
59,6,3
59,2,865
60,398,0
60,394,0
60,390,0
60,386,0
60,382,0
60,378,0
60,374,2
60,370,3
60,366,6
60,362,14
60,358,35
60,354,44
60,350,71
60,346,85
60,342,131
60,338,164
60,334,180
60,330,217
60,326,264
60,322,309
60,318,337
60,314,341
60,310,361
60,306,381
60,302,420
60,298,410
60,294,405
60,290,458
60,286,437
60,282,462
60,278,389
60,274,426
60,270,402
60,266,405
60,262,416
60,258,433
60,254,457
60,250,427
60,246,418
60,242,442
60,238,464
60,234,435
60,230,452
60,226,440
60,222,445
60,218,489
60,214,457
60,210,504
60,206,475
60,202,483
60,198,466
60,194,466
60,190,481
60,186,466
60,182,498
60,178,499
60,174,535
60,170,477
60,166,503
60,162,441
60,158,431
60,154,371
60,150,385
60,146,398
60,142,332
60,138,326
60,134,284
60,130,254
60,126,245
60,122,217
60,118,196
60,114,177
60,110,164
60,106,144
60,102,127
60,98,103
60,94,84
60,90,88
60,86,66
60,82,56
60,78,48
60,74,36
60,70,22
60,66,25
60,62,8
60,58,8
60,54,7
60,50,8
60,46,7
60,42,8
60,38,1
60,34,2
60,30,3
60,26,0
60,22,5
60,18,4
60,14,5
60,10,3
60,6,4
60,2,921
62,497.5,0
62,492.5,0
62,487.5,0
62,482.5,0
62,477.5,0
62,472.5,0
62,467.5,2
62,462.5,2
62,457.5,6
62,452.5,12
62,447.5,25
62,442.5,43
62,437.5,66
62,432.5,77
62,427.5,100
62,422.5,120
62,417.5,190
62,412.5,193
62,407.5,236
62,402.5,282
62,397.5,333
62,392.5,335
62,387.5,366
62,382.5,340
62,377.5,386
62,372.5,400
62,367.5,405
62,362.5,390
62,357.5,410
62,352.5,431
62,347.5,397
62,342.5,422
62,337.5,389
62,332.5,451
62,327.5,419
62,322.5,391
62,317.5,402
62,312.5,460
62,307.5,397
62,302.5,447
62,297.5,424
62,292.5,409
62,287.5,451
62,282.5,441
62,277.5,453
62,272.5,454
62,267.5,467
62,262.5,441
62,257.5,442
62,252.5,462
62,247.5,430
62,242.5,497
62,237.5,454
62,232.5,436
62,227.5,455
62,222.5,438
62,217.5,419
62,212.5,403
62,207.5,374
62,202.5,334
62,197.5,356
62,192.5,297
62,187.5,275
62,182.5,272
62,177.5,235
62,172.5,195
62,167.5,213
62,162.5,202
62,157.5,160
62,152.5,129
62,147.5,158
62,142.5,96
62,137.5,92
62,132.5,81
62,127.5,67
62,122.5,62
62,117.5,55
62,112.5,39
62,107.5,22
62,102.5,28
62,97.5,21
62,92.5,20
62,87.5,25
62,82.5,14
62,77.5,9
62,72.5,6
62,67.5,8
62,62.5,4
62,57.5,6
62,52.5,6
62,47.5,4
62,42.5,6
62,37.5,0
62,32.5,3
62,27.5,1
62,22.5,4
62,17.5,5
62,12.5,3
62,7.5,6
62,2.5,790
63,497.5,0
63,492.5,0
63,487.5,0
63,482.5,0
63,477.5,0
63,472.5,0
63,467.5,0
63,462.5,1
63,457.5,7
63,452.5,10
63,447.5,16
63,442.5,35
63,437.5,44
63,432.5,75
63,427.5,105
63,422.5,129
63,417.5,173
63,412.5,209
63,407.5,209
63,402.5,274
63,397.5,286
63,392.5,322
63,387.5,331
63,382.5,386
63,377.5,383
63,372.5,359
63,367.5,417
63,362.5,416
63,357.5,440
63,352.5,406
63,347.5,443
63,342.5,413
63,337.5,426
63,332.5,415
63,327.5,439
63,322.5,423
63,317.5,442
63,312.5,427
63,307.5,453
63,302.5,476
63,297.5,459
63,292.5,440
63,287.5,445
63,282.5,413
63,277.5,453
63,272.5,469
63,267.5,476
63,262.5,471
63,257.5,498
63,252.5,486
63,247.5,496
63,242.5,477
63,237.5,450
63,232.5,533
63,227.5,484
63,222.5,459
63,217.5,455
63,212.5,444
63,207.5,428
63,202.5,425
63,197.5,407
63,192.5,357
63,187.5,359
63,182.5,330
63,177.5,320
63,172.5,294
63,167.5,246
63,162.5,220
63,157.5,207
63,152.5,199
63,147.5,180
63,142.5,158
63,137.5,139
63,132.5,115
63,127.5,110
63,122.5,92
63,117.5,105
63,112.5,62
63,107.5,61
63,102.5,45
63,97.5,30
63,92.5,23
63,87.5,32
63,82.5,22
63,77.5,13
63,72.5,13
63,67.5,12
63,62.5,6
63,57.5,7
63,52.5,5
63,47.5,5
63,42.5,7
63,37.5,1
63,32.5,3
63,27.5,1
63,22.5,4
63,17.5,5
63,12.5,4
63,7.5,5
63,2.5,856
64,298.5,0
64,295.5,0
64,292.5,0
64,289.5,0
64,286.5,0
64,283.5,2
64,280.5,2
64,277.5,1
64,274.5,5
64,271.5,10
64,268.5,16
64,265.5,24
64,262.5,40
64,259.5,52
64,256.5,76
64,253.5,115
64,250.5,165
64,247.5,176
64,244.5,194
64,241.5,252
64,238.5,292
64,235.5,330
64,232.5,343
64,229.5,388
64,226.5,407
64,223.5,437
64,220.5,476
64,217.5,473
64,214.5,498
64,211.5,525
64,208.5,514
64,205.5,537
64,202.5,508
64,199.5,559
64,196.5,571
64,193.5,532
64,190.5,486
64,187.5,501
64,184.5,538
64,181.5,509
64,178.5,475
64,175.5,472
64,172.5,482
64,169.5,477
64,166.5,456
64,163.5,452
64,160.5,466
64,157.5,420
64,154.5,478
64,151.5,447
64,148.5,404
64,145.5,403
64,142.5,443
64,139.5,418
64,136.5,365
64,133.5,370
64,130.5,344
64,127.5,360
64,124.5,361
64,121.5,319
64,118.5,337
64,115.5,366
64,112.5,345
64,109.5,311
64,106.5,311
64,103.5,286
64,100.5,309
64,97.5,253
64,94.5,250
64,91.5,239
64,88.5,199
64,85.5,171
64,82.5,178
64,79.5,134
64,76.5,138
64,73.5,113
64,70.5,98
64,67.5,73
64,64.5,63
64,61.5,60
64,58.5,33
64,55.5,36
64,52.5,29
64,49.5,20
64,46.5,19
64,43.5,11
64,40.5,9
64,37.5,2
64,34.5,4
64,31.5,6
64,28.5,1
64,25.5,2
64,22.5,0
64,19.5,1
64,16.5,1
64,13.5,2
64,10.5,0
64,7.5,1
64,4.5,0
64,1.5,1014
66,398,0
66,394,0
66,390,0
66,386,0
66,382,0
66,378,1
66,374,1
66,370,2
66,366,0
66,362,7
66,358,13
66,354,22
66,350,29
66,346,64
66,342,66
66,338,104
66,334,142
66,330,167
66,326,191
66,322,218
66,318,256
66,314,256
66,310,277
66,306,278
66,302,287
66,298,283
66,294,321
66,290,325
66,286,322
66,282,317
66,278,294
66,274,278
66,270,301
66,266,275
66,262,319
66,258,319
66,254,307
66,250,277
66,246,297
66,242,287
66,238,266
66,234,310
66,230,283
66,226,271
66,222,286
66,218,274
66,214,266
66,210,244
66,206,261
66,202,253
66,198,242
66,194,249
66,190,240
66,186,228
66,182,203
66,178,204
66,174,214
66,170,212
66,166,185
66,162,193
66,158,202
66,154,184
66,150,198
66,146,197
66,142,158
66,138,146
66,134,132
66,130,149
66,126,166
66,122,122
66,118,114
66,114,104
66,110,100
66,106,86
66,102,71
66,98,72
66,94,63
66,90,45
66,86,43
66,82,41
66,78,37
66,74,23
66,70,21
66,66,17
66,62,17
66,58,12
66,54,7
66,50,7
66,46,0
66,42,6
66,38,3
66,34,3
66,30,1
66,26,5
66,22,6
66,18,2
66,14,0
66,10,0
66,6,0
66,2,658
68,398,0
68,394,0
68,390,0
68,386,0
68,382,0
68,378,1
68,374,2
68,370,4
68,366,11
68,362,11
68,358,21
68,354,32
68,350,51
68,346,80
68,342,121
68,338,149
68,334,151
68,330,206
68,326,223
68,322,252
68,318,285
68,314,315
68,310,369
68,306,362
68,302,348
68,298,399
68,294,388
68,290,431
68,286,444
68,282,443
68,278,426
68,274,444
68,270,453
68,266,475
68,262,441
68,258,483
68,254,486
68,250,434
68,246,488
68,242,467
68,238,422
68,234,455
68,230,439
68,226,440
68,222,407
68,218,401
68,214,379
68,210,383
68,206,377
68,202,371
68,198,361
68,194,409
68,190,364
68,186,334
68,182,354
68,178,324
68,174,324
68,170,323
68,166,346
68,162,304
68,158,303
68,154,332
68,150,282
68,146,289
68,142,269
68,138,289
68,134,266
68,130,235
68,126,227
68,122,239
68,118,209
68,114,176
68,110,182
68,106,133
68,102,124
68,98,131
68,94,86
68,90,84
68,86,72
68,82,52
68,78,49
68,74,36
68,70,23
68,66,23
68,62,18
68,58,12
68,54,10
68,50,6
68,46,5
68,42,2
68,38,6
68,34,6
68,30,7
68,26,7
68,22,5
68,18,6
68,14,3
68,10,3
68,6,0
68,2,824
69,497.5,0
69,492.5,0
69,487.5,0
69,482.5,0
69,477.5,0
69,472.5,1
69,467.5,1
69,462.5,2
69,457.5,6
69,452.5,8
69,447.5,21
69,442.5,24
69,437.5,48
69,432.5,84
69,427.5,98
69,422.5,122
69,417.5,157
69,412.5,188
69,407.5,188
69,402.5,216
69,397.5,253
69,392.5,263
69,387.5,277
69,382.5,244
69,377.5,259
69,372.5,285
69,367.5,281
69,362.5,320
69,357.5,286
69,352.5,295
69,347.5,252
69,342.5,285
69,337.5,282
69,332.5,304
69,327.5,262
69,322.5,286
69,317.5,289
69,312.5,276
69,307.5,266
69,302.5,298
69,297.5,299
69,292.5,281
69,287.5,249
69,282.5,240
69,277.5,248
69,272.5,248
69,267.5,229
69,262.5,242
69,257.5,249
69,252.5,246
69,247.5,237
69,242.5,224
69,237.5,223
69,232.5,225
69,227.5,199
69,222.5,214
69,217.5,211
69,212.5,188
69,207.5,167
69,202.5,192
69,197.5,190
69,192.5,190
69,187.5,158
69,182.5,175
69,177.5,157
69,172.5,167
69,167.5,156
69,162.5,152
69,157.5,142
69,152.5,128
69,147.5,116
69,142.5,115
69,137.5,120
69,132.5,78
69,127.5,84
69,122.5,73
69,117.5,65
69,112.5,51
69,107.5,46
69,102.5,40
69,97.5,44
69,92.5,29
69,87.5,16
69,82.5,14
69,77.5,18
69,72.5,7
69,67.5,7
69,62.5,7
69,57.5,3
69,52.5,5
69,47.5,3
69,42.5,2
69,37.5,4
69,32.5,4
69,27.5,6
69,22.5,2
69,17.5,2
69,12.5,0
69,7.5,1
69,2.5,594
70,398,0
70,394,0
70,390,0
70,386,0
70,382,0
70,378,0
70,374,2
70,370,5
70,366,3
70,362,14
70,358,13
70,354,14
70,350,34
70,346,58
70,342,63
70,338,92
70,334,128
70,330,142
70,326,151
70,322,194
70,318,232
70,314,249
70,310,282
70,306,289
70,302,324
70,298,344
70,294,341
70,290,379
70,286,378
70,282,381
70,278,409
70,274,406
70,270,450
70,266,431
70,262,412
70,258,415
70,254,476
70,250,510
70,246,452
70,242,441
70,238,459
70,234,467
70,230,449
70,226,425
70,222,439
70,218,427
70,214,420
70,210,412
70,206,410
70,202,389
70,198,360
70,194,384
70,190,378
70,186,331
70,182,342
70,178,343
70,174,315
70,170,310
70,166,321
70,162,330
70,158,320
70,154,327
70,150,286
70,146,312
70,142,269
70,138,284
70,134,259
70,130,252
70,126,228
70,122,186
70,118,208
70,114,176
70,110,135
70,106,135
70,102,127
70,98,81
70,94,74
70,90,68
70,86,60
70,82,39
70,78,32
70,74,29
70,70,20
70,66,16
70,62,13
70,58,13
70,54,13
70,50,4
70,46,4
70,42,3
70,38,5
70,34,5
70,30,7
70,26,12
70,22,9
70,18,7
70,14,1
70,10,1
70,6,0
70,2,743
71,497.5,0
71,492.5,0
71,487.5,0
71,482.5,0
71,477.5,0
71,472.5,0
71,467.5,0
71,462.5,2
71,457.5,8
71,452.5,5
71,447.5,9
71,442.5,15
71,437.5,29
71,432.5,50
71,427.5,71
71,422.5,87
71,417.5,109
71,412.5,117
71,407.5,157
71,402.5,184
71,397.5,197
71,392.5,209
71,387.5,207
71,382.5,253
71,377.5,214
71,372.5,261
71,367.5,255
71,362.5,224
71,357.5,279
71,352.5,260
71,347.5,266
71,342.5,242
71,337.5,283
71,332.5,232
71,327.5,267
71,322.5,252
71,317.5,281
71,312.5,281
71,307.5,262
71,302.5,238
71,297.5,260
71,292.5,280
71,287.5,275
71,282.5,239
71,277.5,260
71,272.5,232
71,267.5,230
71,262.5,224
71,257.5,231
71,252.5,226
71,247.5,202
71,242.5,245
71,237.5,207
71,232.5,207
71,227.5,202
71,222.5,185
71,217.5,178
71,212.5,158
71,207.5,175
71,202.5,166
71,197.5,180
71,192.5,154
71,187.5,176
71,182.5,167
71,177.5,172
71,172.5,156
71,167.5,148
71,162.5,109
71,157.5,114
71,152.5,111
71,147.5,111
71,142.5,85
71,137.5,85
71,132.5,74
71,127.5,63
71,122.5,62
71,117.5,48
71,112.5,38
71,107.5,39
71,102.5,42
71,97.5,25
71,92.5,19
71,87.5,16
71,82.5,12
71,77.5,18
71,72.5,6
71,67.5,10
71,62.5,6
71,57.5,4
71,52.5,8
71,47.5,5
71,42.5,1
71,37.5,3
71,32.5,2
71,27.5,3
71,22.5,1
71,17.5,1
71,12.5,1
71,7.5,1
71,2.5,511
72,497.5,0
72,492.5,0
72,487.5,0
72,482.5,0
72,477.5,0
72,472.5,0
72,467.5,4
72,462.5,4
72,457.5,8
72,452.5,12
72,447.5,21
72,442.5,21
72,437.5,49
72,432.5,65
72,427.5,98
72,422.5,141
72,417.5,135
72,412.5,163
72,407.5,192
72,402.5,197
72,397.5,243
72,392.5,284
72,387.5,288
72,382.5,318
72,377.5,304
72,372.5,297
72,367.5,390
72,362.5,361
72,357.5,363
72,352.5,383
72,347.5,373
72,342.5,406
72,337.5,408
72,332.5,395
72,327.5,445
72,322.5,434
72,317.5,433
72,312.5,400
72,307.5,408
72,302.5,438
72,297.5,456
72,292.5,427
72,287.5,414
72,282.5,424
72,277.5,429
72,272.5,372
72,267.5,379
72,262.5,354
72,257.5,360
72,252.5,382
72,247.5,361
72,242.5,332
72,237.5,345
72,232.5,333
72,227.5,348
72,222.5,310
72,217.5,306
72,212.5,300
72,207.5,311
72,202.5,311
72,197.5,310
72,192.5,320
72,187.5,286
72,182.5,289
72,177.5,280
72,172.5,290
72,167.5,259
72,162.5,238
72,157.5,240
72,152.5,220
72,147.5,198
72,142.5,174
72,137.5,168
72,132.5,146
72,127.5,119
72,122.5,116
72,117.5,92
72,112.5,74
72,107.5,77
72,102.5,52
72,97.5,29
72,92.5,34
72,87.5,21
72,82.5,14
72,77.5,19
72,72.5,17
72,67.5,11
72,62.5,8
72,57.5,3
72,52.5,8
72,47.5,5
72,42.5,6
72,37.5,2
72,32.5,5
72,27.5,3
72,22.5,5
72,17.5,1
72,12.5,0
72,7.5,0
72,2.5,724
